Project,File_Name,LOC,Commits,Bugs_Reported,Last_Updated,Bug_Density,Change_Proneness
NumPy,module_0.py,1967,143,12,2022-01-01,0.006100660904931368,0.07269954245043213
NumPy,module_1.py,1434,102,44,2022-01-02,0.030683403068340307,0.07112970711297072
NumPy,module_2.py,1811,335,14,2022-01-03,0.007730535615681944,0.1849806736609608
Django,module_3.py,429,102,48,2022-01-04,0.11188811188811189,0.23776223776223776
Pandas,module_4.py,352,302,16,2022-01-05,0.045454545454545456,0.8579545454545454
Requests,module_5.py,655,157,34,2022-01-06,0.051908396946564885,0.23969465648854962
Flask,module_6.py,1556,39,2,2022-01-07,0.0012853470437017994,0.02506426735218509
Requests,module_7.py,1535,71,2,2022-01-08,0.0013029315960912053,0.04625407166123779
Pandas,module_8.py,1710,109,38,2022-01-09,0.022222222222222223,0.06374269005847953
Flask,module_9.py,532,492,14,2022-01-10,0.02631578947368421,0.924812030075188
Requests,module_10.py,1703,301,24,2022-01-11,0.014092777451556078,0.17674691720493246
Flask,module_11.py,489,382,34,2022-01-12,0.06952965235173825,0.7811860940695297
Requests,module_12.py,1038,224,5,2022-01-13,0.004816955684007707,0.21579961464354527
Flask,module_13.py,1979,22,22,2022-01-14,0.011116725618999495,0.011116725618999495
Django,module_14.py,591,368,34,2022-01-15,0.05752961082910321,0.622673434856176
Flask,module_15.py,1203,6,34,2022-01-16,0.02826267664172901,0.004987531172069825
Flask,module_16.py,688,193,29,2022-01-17,0.04215116279069767,0.2805232558139535
Requests,module_17.py,1001,319,35,2022-01-18,0.03496503496503497,0.31868131868131866
Django,module_18.py,419,231,7,2022-01-19,0.016706443914081145,0.5513126491646778
Django,module_19.py,533,474,12,2022-01-20,0.0225140712945591,0.8893058161350844
Django,module_20.py,1831,434,47,2022-01-21,0.025669033315128344,0.23702894593118515
Django,module_21.py,452,48,41,2022-01-22,0.09070796460176991,0.10619469026548672
Pandas,module_22.py,822,224,21,2022-01-23,0.025547445255474453,0.2725060827250608
NumPy,module_23.py,172,14,46,2022-01-24,0.26744186046511625,0.08139534883720931
NumPy,module_24.py,1419,414,14,2022-01-25,0.009866102889358703,0.2917547568710359
Flask,module_25.py,700,277,36,2022-01-26,0.05142857142857143,0.39571428571428574
Pandas,module_26.py,1451,33,49,2022-01-27,0.033769813921433495,0.022742935906271536
Flask,module_27.py,1566,219,40,2022-01-28,0.02554278416347382,0.13984674329501914
Flask,module_28.py,1406,351,43,2022-01-29,0.03058321479374111,0.2496443812233286
Pandas,module_29.py,813,37,31,2022-01-30,0.038130381303813035,0.04551045510455105
Pandas,module_30.py,1764,222,0,2022-01-31,0.0,0.12585034013605442
Pandas,module_31.py,1276,114,30,2022-02-01,0.023510971786833857,0.08934169278996865
Requests,module_32.py,421,349,33,2022-02-02,0.07838479809976247,0.828978622327791
Django,module_33.py,445,319,47,2022-02-03,0.10561797752808989,0.7168539325842697
Django,module_34.py,1882,271,25,2022-02-04,0.013283740701381509,0.14399574920297556
Django,module_35.py,1756,394,49,2022-02-05,0.027904328018223234,0.224373576309795
NumPy,module_36.py,324,72,46,2022-02-06,0.1419753086419753,0.2222222222222222
Django,module_37.py,940,317,4,2022-02-07,0.00425531914893617,0.3372340425531915
NumPy,module_38.py,1671,180,35,2022-02-08,0.020945541591861162,0.10771992818671454
NumPy,module_39.py,1516,482,31,2022-02-09,0.020448548812664908,0.3179419525065963
Pandas,module_40.py,461,82,44,2022-02-10,0.09544468546637744,0.17787418655097614
Django,module_41.py,232,201,5,2022-02-11,0.021551724137931036,0.8663793103448276
Django,module_42.py,1856,226,20,2022-02-12,0.010775862068965518,0.12176724137931035
NumPy,module_43.py,1442,158,9,2022-02-13,0.0062413314840499305,0.10957004160887657
NumPy,module_44.py,1445,23,22,2022-02-14,0.01522491349480969,0.01591695501730104
Pandas,module_45.py,653,414,8,2022-02-15,0.01225114854517611,0.6339969372128637
Django,module_46.py,405,141,32,2022-02-16,0.07901234567901234,0.34814814814814815
NumPy,module_47.py,1102,459,41,2022-02-17,0.03720508166969147,0.4165154264972777
Django,module_48.py,1386,11,46,2022-02-18,0.03318903318903319,0.007936507936507936
Django,module_49.py,1574,201,4,2022-02-19,0.0025412960609911056,0.12770012706480305
Flask,module_50.py,520,168,49,2022-02-20,0.09423076923076923,0.3230769230769231
Requests,module_51.py,1847,179,32,2022-02-21,0.017325392528424473,0.0969139144558744
Requests,module_52.py,1663,356,47,2022-02-22,0.02826217678893566,0.21407095610342755
Flask,module_53.py,677,291,6,2022-02-23,0.008862629246676515,0.4298375184638109
Pandas,module_54.py,1785,209,40,2022-02-24,0.022408963585434174,0.11708683473389356
Flask,module_55.py,457,376,30,2022-02-25,0.06564551422319474,0.8227571115973742
Requests,module_56.py,117,190,47,2022-02-26,0.4017094017094017,1.623931623931624
Django,module_57.py,590,428,7,2022-02-27,0.011864406779661017,0.7254237288135593
Requests,module_58.py,1494,370,35,2022-02-28,0.023427041499330656,0.24765729585006693
Django,module_59.py,1041,179,46,2022-03-01,0.04418828049951969,0.17195004803073968
Flask,module_60.py,1962,422,9,2022-03-02,0.0045871559633027525,0.21508664627930682
Django,module_61.py,1657,186,2,2022-03-03,0.0012070006035003018,0.11225105612552806
Flask,module_62.py,1250,480,13,2022-03-04,0.0104,0.384
Flask,module_63.py,762,290,21,2022-03-05,0.027559055118110236,0.3805774278215223
Pandas,module_64.py,151,446,38,2022-03-06,0.25165562913907286,2.9536423841059603
Django,module_65.py,433,408,48,2022-03-07,0.11085450346420324,0.9422632794457275
Pandas,module_66.py,1379,472,46,2022-03-08,0.03335750543872371,0.34227701232777374
Requests,module_67.py,503,214,43,2022-03-09,0.08548707753479125,0.4254473161033797
Django,module_68.py,1877,5,28,2022-03-10,0.014917421417155035,0.002663825253063399
Pandas,module_69.py,112,366,19,2022-03-11,0.16964285714285715,3.267857142857143
Pandas,module_70.py,1394,352,47,2022-03-12,0.03371592539454806,0.25251076040172166
NumPy,module_71.py,531,213,8,2022-03-13,0.015065913370998116,0.4011299435028249
NumPy,module_72.py,1939,118,5,2022-03-14,0.0025786487880350697,0.060856111397627644
Requests,module_73.py,122,36,6,2022-03-15,0.04918032786885246,0.29508196721311475
NumPy,module_74.py,1273,52,14,2022-03-16,0.010997643362136685,0.0408483896307934
Django,module_75.py,1170,319,42,2022-03-17,0.035897435897435895,0.2726495726495726
Pandas,module_76.py,729,56,28,2022-03-18,0.038408779149519894,0.07681755829903979
Flask,module_77.py,1958,463,35,2022-03-19,0.01787538304392237,0.23646578140960164
Pandas,module_78.py,1279,122,29,2022-03-20,0.022673964034401875,0.09538702111024237
Requests,module_79.py,306,81,28,2022-03-21,0.0915032679738562,0.2647058823529412
Pandas,module_80.py,87,215,28,2022-03-22,0.3218390804597701,2.471264367816092
NumPy,module_81.py,119,303,0,2022-03-23,0.0,2.546218487394958
NumPy,module_82.py,159,102,46,2022-03-24,0.2893081761006289,0.6415094339622641
Flask,module_83.py,1531,375,7,2022-03-25,0.0045721750489875895,0.24493794905290658
Requests,module_84.py,1707,400,42,2022-03-26,0.02460456942003515,0.23432923257176333
NumPy,module_85.py,638,207,45,2022-03-27,0.07053291536050156,0.32445141065830724
NumPy,module_86.py,849,22,27,2022-03-28,0.03180212014134275,0.02591283863368669
Django,module_87.py,1161,308,5,2022-03-29,0.004306632213608958,0.2652885443583118
NumPy,module_88.py,1369,268,35,2022-03-30,0.02556610664718773,0.19576333089846604
NumPy,module_89.py,463,22,44,2022-03-31,0.09503239740820735,0.047516198704103674
Flask,module_90.py,187,329,19,2022-04-01,0.10160427807486631,1.7593582887700534
Django,module_91.py,486,155,32,2022-04-02,0.06584362139917696,0.31893004115226337
Requests,module_92.py,1633,431,45,2022-04-03,0.027556644213104716,0.26393141457440294
Django,module_93.py,1753,370,36,2022-04-04,0.02053622361665716,0.21106674272675413
Flask,module_94.py,1138,56,48,2022-04-05,0.0421792618629174,0.0492091388400703
Django,module_95.py,1850,198,49,2022-04-06,0.026486486486486487,0.10702702702702703
Requests,module_96.py,1388,89,10,2022-04-07,0.007204610951008645,0.06412103746397695
Pandas,module_97.py,852,416,1,2022-04-08,0.0011737089201877935,0.48826291079812206
Requests,module_98.py,1973,98,27,2022-04-09,0.013684744044602128,0.0496705524581855
NumPy,module_99.py,742,102,12,2022-04-10,0.016172506738544475,0.13746630727762804
NumPy,module_100.py,741,354,12,2022-04-11,0.016194331983805668,0.4777327935222672
NumPy,module_101.py,1196,99,45,2022-04-12,0.03762541806020067,0.08277591973244147
Flask,module_102.py,1572,218,14,2022-04-13,0.008905852417302799,0.138676844783715
Requests,module_103.py,434,84,9,2022-04-14,0.020737327188940093,0.1935483870967742
Pandas,module_104.py,1128,326,41,2022-04-15,0.03634751773049645,0.28900709219858156
Pandas,module_105.py,459,338,11,2022-04-16,0.023965141612200435,0.7363834422657952
Flask,module_106.py,1121,412,24,2022-04-17,0.021409455842997322,0.36752899197145406
Requests,module_107.py,424,208,31,2022-04-18,0.07311320754716981,0.49056603773584906
NumPy,module_108.py,353,494,44,2022-04-19,0.12464589235127478,1.3994334277620397
NumPy,module_109.py,1787,446,1,2022-04-20,0.0005595970900951316,0.24958030218242866
Pandas,module_110.py,1422,475,5,2022-04-21,0.0035161744022503515,0.3340365682137834
Flask,module_111.py,1570,65,1,2022-04-22,0.0006369426751592356,0.041401273885350316
Pandas,module_112.py,473,155,39,2022-04-23,0.0824524312896406,0.3276955602536998
Pandas,module_113.py,541,499,8,2022-04-24,0.014787430683918669,0.922365988909427
Requests,module_114.py,1641,421,48,2022-04-25,0.029250457038391225,0.25655088360755635
NumPy,module_115.py,1210,210,37,2022-04-26,0.030578512396694214,0.17355371900826447
NumPy,module_116.py,879,350,1,2022-04-27,0.0011376564277588168,0.3981797497155859
Requests,module_117.py,1017,449,32,2022-04-28,0.03146509341199607,0.4414945919370698
Pandas,module_118.py,827,420,39,2022-04-29,0.0471584038694075,0.5078597339782346
Flask,module_119.py,1391,3,19,2022-04-30,0.013659237958303379,0.002156721782890007
Requests,module_120.py,223,190,5,2022-05-01,0.02242152466367713,0.852017937219731
NumPy,module_121.py,648,39,37,2022-05-02,0.05709876543209876,0.06018518518518518
Flask,module_122.py,474,127,36,2022-05-03,0.0759493670886076,0.2679324894514768
Flask,module_123.py,920,408,22,2022-05-04,0.02391304347826087,0.4434782608695652
Pandas,module_124.py,1729,387,14,2022-05-05,0.008097165991902834,0.2238288027761712
Requests,module_125.py,436,338,11,2022-05-06,0.02522935779816514,0.7752293577981652
NumPy,module_126.py,1333,385,3,2022-05-07,0.002250562640660165,0.2888222055513878
Pandas,module_127.py,298,424,4,2022-05-08,0.013422818791946308,1.4228187919463087
Flask,module_128.py,680,332,40,2022-05-09,0.058823529411764705,0.48823529411764705
Requests,module_129.py,343,409,12,2022-05-10,0.03498542274052478,1.1924198250728864
NumPy,module_130.py,1317,74,19,2022-05-11,0.01442672741078208,0.05618830675778284
Django,module_131.py,1060,53,47,2022-05-12,0.04433962264150943,0.05
NumPy,module_132.py,899,488,23,2022-05-13,0.025583982202447165,0.542825361512792
Requests,module_133.py,104,30,5,2022-05-14,0.04807692307692308,0.28846153846153844
NumPy,module_134.py,551,498,25,2022-05-15,0.045372050816696916,0.9038112522686026
Flask,module_135.py,1939,68,24,2022-05-16,0.012377514182568335,0.035069623517276945
Django,module_136.py,850,162,40,2022-05-17,0.047058823529411764,0.19058823529411764
Pandas,module_137.py,1297,458,32,2022-05-18,0.02467232074016962,0.35312259059367773
Django,module_138.py,1560,281,18,2022-05-19,0.011538461538461539,0.18012820512820513
NumPy,module_139.py,261,483,2,2022-05-20,0.007662835249042145,1.8505747126436782
Flask,module_140.py,1460,183,22,2022-05-21,0.015068493150684932,0.12534246575342467
Flask,module_141.py,685,124,16,2022-05-22,0.02335766423357664,0.181021897810219
Flask,module_142.py,1507,159,23,2022-05-23,0.015262110152621102,0.10550763105507631
Django,module_143.py,1409,355,6,2022-05-24,0.0042583392476933995,0.25195173882185945
Flask,module_144.py,1060,458,5,2022-05-25,0.0047169811320754715,0.4320754716981132
NumPy,module_145.py,1417,198,45,2022-05-26,0.03175723359209598,0.1397318278052223
Requests,module_146.py,1745,247,36,2022-05-27,0.020630372492836675,0.14154727793696276
Flask,module_147.py,527,55,4,2022-05-28,0.007590132827324478,0.10436432637571158
Requests,module_148.py,283,346,49,2022-05-29,0.17314487632508835,1.2226148409893993
Django,module_149.py,476,272,40,2022-05-30,0.08403361344537816,0.5714285714285714
NumPy,module_150.py,1777,463,42,2022-05-31,0.023635340461451885,0.2605514912774339
Flask,module_151.py,1495,44,40,2022-06-01,0.026755852842809364,0.0294314381270903
Requests,module_152.py,275,408,5,2022-06-02,0.01818181818181818,1.4836363636363636
Django,module_153.py,1124,384,24,2022-06-03,0.021352313167259787,0.3416370106761566
Django,module_154.py,90,228,37,2022-06-04,0.4111111111111111,2.533333333333333
Requests,module_155.py,952,431,34,2022-06-05,0.03571428571428571,0.4527310924369748
NumPy,module_156.py,432,433,48,2022-06-06,0.1111111111111111,1.0023148148148149
Flask,module_157.py,1941,469,18,2022-06-07,0.00927357032457496,0.24162802679031428
Requests,module_158.py,1739,21,38,2022-06-08,0.02185163887291547,0.012075905692926969
Django,module_159.py,1130,300,47,2022-06-09,0.0415929203539823,0.26548672566371684
Pandas,module_160.py,564,341,16,2022-06-10,0.028368794326241134,0.6046099290780141
Flask,module_161.py,349,191,7,2022-06-11,0.02005730659025788,0.5472779369627507
Requests,module_162.py,251,429,37,2022-06-12,0.14741035856573706,1.7091633466135459
Django,module_163.py,1283,423,23,2022-06-13,0.017926734216679657,0.32969602494154326
Django,module_164.py,1763,441,22,2022-06-14,0.012478729438457176,0.25014180374361883
Requests,module_165.py,1519,188,40,2022-06-15,0.026333113890717578,0.12376563528637262
Pandas,module_166.py,1010,384,1,2022-06-16,0.0009900990099009901,0.3801980198019802
NumPy,module_167.py,1607,409,32,2022-06-17,0.019912881144990666,0.2545115121344119
Pandas,module_168.py,457,106,38,2022-06-18,0.08315098468271334,0.23194748358862144
NumPy,module_169.py,1096,481,25,2022-06-19,0.02281021897810219,0.43886861313868614
Requests,module_170.py,216,229,32,2022-06-20,0.14814814814814814,1.0601851851851851
Requests,module_171.py,1264,68,34,2022-06-21,0.02689873417721519,0.05379746835443038
Django,module_172.py,139,452,36,2022-06-22,0.2589928057553957,3.2517985611510793
Django,module_173.py,72,242,26,2022-06-23,0.3611111111111111,3.361111111111111
Flask,module_174.py,1603,271,29,2022-06-24,0.018091079226450407,0.16905801621958827
NumPy,module_175.py,1765,27,41,2022-06-25,0.02322946175637394,0.01529745042492918
Pandas,module_176.py,533,364,2,2022-06-26,0.00375234521575985,0.6829268292682927
Flask,module_177.py,1211,193,2,2022-06-27,0.0016515276630883566,0.1593724194880264
NumPy,module_178.py,1093,289,17,2022-06-28,0.01555352241537054,0.2644098810612992
Requests,module_179.py,1357,274,22,2022-06-29,0.016212232866617538,0.2019159911569639
Django,module_180.py,751,239,21,2022-06-30,0.02796271637816245,0.3182423435419441
Django,module_181.py,1151,176,25,2022-07-01,0.021720243266724587,0.1529105125977411
Flask,module_182.py,476,431,30,2022-07-02,0.06302521008403361,0.9054621848739496
NumPy,module_183.py,1495,289,15,2022-07-03,0.010033444816053512,0.19331103678929765
Flask,module_184.py,162,162,20,2022-07-04,0.12345679012345678,1.0
Pandas,module_185.py,308,89,18,2022-07-05,0.05844155844155844,0.288961038961039
Flask,module_186.py,320,111,25,2022-07-06,0.078125,0.346875
Flask,module_187.py,1487,86,5,2022-07-07,0.0033624747814391394,0.05783456624075319
Pandas,module_188.py,1650,141,18,2022-07-08,0.01090909090909091,0.08545454545454545
Flask,module_189.py,474,457,25,2022-07-09,0.052742616033755275,0.9641350210970464
NumPy,module_190.py,677,453,41,2022-07-10,0.060561299852289516,0.6691285081240768
Pandas,module_191.py,1909,233,12,2022-07-11,0.006286013619696176,0.12205343111576741
Django,module_192.py,982,481,23,2022-07-12,0.023421588594704685,0.48981670061099797
Requests,module_193.py,883,490,1,2022-07-13,0.0011325028312570782,0.5549263873159683
Django,module_194.py,949,337,5,2022-07-14,0.005268703898840885,0.35511064278187565
Django,module_195.py,550,453,34,2022-07-15,0.06181818181818182,0.8236363636363636
Pandas,module_196.py,216,374,12,2022-07-16,0.05555555555555555,1.7314814814814814
Django,module_197.py,529,247,41,2022-07-17,0.07750472589792061,0.4669187145557656
Django,module_198.py,213,274,28,2022-07-18,0.13145539906103287,1.2863849765258215
Flask,module_199.py,1572,266,34,2022-07-19,0.021628498727735368,0.1692111959287532
Pandas,module_200.py,1273,453,45,2022-07-20,0.03534956794972506,0.3558523173605656
Flask,module_201.py,867,387,27,2022-07-21,0.031141868512110725,0.4463667820069204
Pandas,module_202.py,63,496,41,2022-07-22,0.6507936507936508,7.873015873015873
Django,module_203.py,898,119,18,2022-07-23,0.0200445434298441,0.13251670378619154
NumPy,module_204.py,1066,311,37,2022-07-24,0.03470919324577861,0.29174484052532834
Django,module_205.py,1504,331,2,2022-07-25,0.0013297872340425532,0.22007978723404256
Requests,module_206.py,1053,491,31,2022-07-26,0.029439696106362774,0.466286799620133
Pandas,module_207.py,1767,196,2,2022-07-27,0.0011318619128466328,0.11092246745897001
Django,module_208.py,481,153,15,2022-07-28,0.031185031185031187,0.3180873180873181
Django,module_209.py,1856,468,2,2022-07-29,0.0010775862068965517,0.2521551724137931
NumPy,module_210.py,1111,157,44,2022-07-30,0.039603960396039604,0.1413141314131413
Django,module_211.py,1322,425,20,2022-07-31,0.015128593040847202,0.321482602118003
Requests,module_212.py,1736,283,49,2022-08-01,0.028225806451612902,0.1630184331797235
Requests,module_213.py,577,298,47,2022-08-02,0.08145580589254767,0.5164644714038128
Requests,module_214.py,449,381,25,2022-08-03,0.0556792873051225,0.8485523385300668
NumPy,module_215.py,1200,42,38,2022-08-04,0.03166666666666667,0.035
Requests,module_216.py,1729,338,2,2022-08-05,0.001156737998843262,0.19548872180451127
Flask,module_217.py,1080,28,49,2022-08-06,0.04537037037037037,0.025925925925925925
Django,module_218.py,659,25,23,2022-08-07,0.03490136570561457,0.03793626707132018
NumPy,module_219.py,129,306,6,2022-08-08,0.046511627906976744,2.372093023255814
NumPy,module_220.py,1910,488,18,2022-08-09,0.009424083769633508,0.2554973821989529
Pandas,module_221.py,1755,340,41,2022-08-10,0.023361823361823363,0.19373219373219372
Pandas,module_222.py,240,267,14,2022-08-11,0.058333333333333334,1.1125
Django,module_223.py,1862,379,34,2022-08-12,0.018259935553168637,0.20354457572502685
Requests,module_224.py,1902,252,4,2022-08-13,0.002103049421661409,0.13249211356466878
Pandas,module_225.py,253,299,8,2022-08-14,0.03162055335968379,1.1818181818181819
NumPy,module_226.py,979,58,13,2022-08-15,0.013278855975485188,0.059244126659857
Flask,module_227.py,656,198,48,2022-08-16,0.07317073170731707,0.3018292682926829
NumPy,module_228.py,1775,288,45,2022-08-17,0.02535211267605634,0.16225352112676056
Flask,module_229.py,279,30,17,2022-08-18,0.06093189964157706,0.10752688172043011
Flask,module_230.py,1721,406,10,2022-08-19,0.005810575246949448,0.2359093550261476
Requests,module_231.py,1587,31,15,2022-08-20,0.00945179584120983,0.019533711405166982
NumPy,module_232.py,759,343,27,2022-08-21,0.03557312252964427,0.4519104084321476
NumPy,module_233.py,691,264,39,2022-08-22,0.056439942112879886,0.38205499276411
Flask,module_234.py,505,22,29,2022-08-23,0.05742574257425743,0.04356435643564356
Pandas,module_235.py,820,219,49,2022-08-24,0.05975609756097561,0.26707317073170733
NumPy,module_236.py,1274,72,35,2022-08-25,0.027472527472527472,0.0565149136577708
Django,module_237.py,1296,50,14,2022-08-26,0.010802469135802469,0.038580246913580245
Pandas,module_238.py,1832,306,4,2022-08-27,0.002183406113537118,0.16703056768558952
Flask,module_239.py,1854,441,37,2022-08-28,0.019956850053937433,0.23786407766990292
Flask,module_240.py,873,305,26,2022-08-29,0.029782359679266894,0.34936998854524626
NumPy,module_241.py,448,404,34,2022-08-30,0.07589285714285714,0.9017857142857143
Django,module_242.py,534,249,21,2022-08-31,0.03932584269662921,0.46629213483146065
Pandas,module_243.py,1508,27,34,2022-09-01,0.022546419098143235,0.01790450928381963
Pandas,module_244.py,1339,115,8,2022-09-02,0.00597460791635549,0.08588498879761015
Flask,module_245.py,1922,25,2,2022-09-03,0.001040582726326743,0.013007284079084287
Requests,module_246.py,1431,298,46,2022-09-04,0.03214535290006988,0.2082459818308875
Pandas,module_247.py,810,445,3,2022-09-05,0.003703703703703704,0.5493827160493827
Pandas,module_248.py,76,306,5,2022-09-06,0.06578947368421052,4.026315789473684
Pandas,module_249.py,1828,148,40,2022-09-07,0.02188183807439825,0.08096280087527352
NumPy,module_250.py,1923,20,32,2022-09-08,0.016640665626625067,0.010400416016640665
Django,module_251.py,721,175,3,2022-09-09,0.004160887656033287,0.24271844660194175
NumPy,module_252.py,571,185,43,2022-09-10,0.07530647985989491,0.3239929947460595
Requests,module_253.py,348,186,11,2022-09-11,0.031609195402298854,0.5344827586206896
Requests,module_254.py,1096,46,23,2022-09-12,0.020985401459854013,0.041970802919708027
Requests,module_255.py,224,466,2,2022-09-13,0.008928571428571428,2.080357142857143
Pandas,module_256.py,1117,273,13,2022-09-14,0.011638316920322292,0.24440465532676814
Django,module_257.py,1987,109,42,2022-09-15,0.021137393054856568,0.054856567689984904
Django,module_258.py,1720,32,32,2022-09-16,0.018604651162790697,0.018604651162790697
Flask,module_259.py,53,382,27,2022-09-17,0.5094339622641509,7.2075471698113205
Flask,module_260.py,1245,123,32,2022-09-18,0.02570281124497992,0.09879518072289156
Pandas,module_261.py,441,7,6,2022-09-19,0.013605442176870748,0.015873015873015872
Requests,module_262.py,627,135,36,2022-09-20,0.05741626794258373,0.215311004784689
Flask,module_263.py,1180,84,37,2022-09-21,0.03135593220338983,0.0711864406779661
Requests,module_264.py,293,11,38,2022-09-22,0.1296928327645051,0.03754266211604096
Django,module_265.py,1464,353,26,2022-09-23,0.017759562841530054,0.24112021857923496
Flask,module_266.py,1568,198,5,2022-09-24,0.0031887755102040817,0.12627551020408162
Django,module_267.py,1662,69,1,2022-09-25,0.0006016847172081829,0.04151624548736462
NumPy,module_268.py,178,456,48,2022-09-26,0.2696629213483146,2.561797752808989
Django,module_269.py,146,443,33,2022-09-27,0.22602739726027396,3.0342465753424657
Requests,module_270.py,599,109,13,2022-09-28,0.021702838063439065,0.18196994991652754
Django,module_271.py,337,271,11,2022-09-29,0.032640949554896145,0.8041543026706232
Requests,module_272.py,339,311,5,2022-09-30,0.014749262536873156,0.9174041297935103
Pandas,module_273.py,1076,62,11,2022-10-01,0.010223048327137546,0.05762081784386617
Flask,module_274.py,158,173,26,2022-10-02,0.16455696202531644,1.0949367088607596
NumPy,module_275.py,1335,45,38,2022-10-03,0.02846441947565543,0.033707865168539325
NumPy,module_276.py,1597,165,34,2022-10-04,0.021289918597370068,0.10331872260488416
Flask,module_277.py,1917,288,20,2022-10-05,0.010432968179447054,0.15023474178403756
NumPy,module_278.py,1053,23,46,2022-10-06,0.04368471035137702,0.02184235517568851
NumPy,module_279.py,1084,369,3,2022-10-07,0.0027675276752767526,0.3404059040590406
Requests,module_280.py,1587,227,47,2022-10-08,0.029615626969124134,0.14303717706364208
NumPy,module_281.py,1232,357,23,2022-10-09,0.018668831168831168,0.2897727272727273
Flask,module_282.py,1392,494,12,2022-10-10,0.008620689655172414,0.35488505747126436
Django,module_283.py,272,116,1,2022-10-11,0.003676470588235294,0.4264705882352941
Django,module_284.py,684,381,1,2022-10-12,0.0014619883040935672,0.5570175438596491
Django,module_285.py,1268,343,49,2022-10-13,0.038643533123028394,0.2705047318611987
NumPy,module_286.py,931,497,25,2022-10-14,0.02685284640171858,0.5338345864661654
Django,module_287.py,170,492,38,2022-10-15,0.2235294117647059,2.8941176470588235
Django,module_288.py,1336,313,48,2022-10-16,0.03592814371257485,0.2342814371257485
Pandas,module_289.py,1775,210,40,2022-10-17,0.022535211267605635,0.11830985915492957
Flask,module_290.py,171,178,19,2022-10-18,0.1111111111111111,1.04093567251462
Django,module_291.py,1423,485,41,2022-10-19,0.02881236823612087,0.3408292340126493
Django,module_292.py,1358,382,17,2022-10-20,0.012518409425625921,0.2812960235640648
Requests,module_293.py,1957,84,47,2022-10-21,0.02401635155850792,0.04292284108329075
NumPy,module_294.py,297,311,37,2022-10-22,0.12457912457912458,1.0471380471380471
Pandas,module_295.py,1151,63,4,2022-10-23,0.0034752389226759338,0.05473501303214596
Flask,module_296.py,1193,429,41,2022-10-24,0.03436714165968147,0.3595976529756915
Pandas,module_297.py,1992,424,11,2022-10-25,0.005522088353413655,0.21285140562248997
Requests,module_298.py,943,431,13,2022-10-26,0.013785790031813362,0.45705196182396607
Flask,module_299.py,849,145,2,2022-10-27,0.002355712603062426,0.1707891637220259
NumPy,module_300.py,373,189,37,2022-10-28,0.09919571045576407,0.5067024128686327
Django,module_301.py,1781,442,17,2022-10-29,0.009545199326221224,0.24817518248175183
NumPy,module_302.py,1604,26,14,2022-10-30,0.008728179551122194,0.016209476309226933
Pandas,module_303.py,668,152,8,2022-10-31,0.011976047904191617,0.2275449101796407
NumPy,module_304.py,720,89,42,2022-11-01,0.058333333333333334,0.12361111111111112
Requests,module_305.py,1207,444,6,2022-11-02,0.004971002485501243,0.36785418392709196
Requests,module_306.py,432,203,14,2022-11-03,0.032407407407407406,0.4699074074074074
Flask,module_307.py,607,488,14,2022-11-04,0.023064250411861616,0.8039538714991763
Flask,module_308.py,1827,420,13,2022-11-05,0.0071154898741105635,0.22988505747126436
NumPy,module_309.py,1282,357,35,2022-11-06,0.027301092043681748,0.2784711388455538
Pandas,module_310.py,1097,68,23,2022-11-07,0.020966271649954422,0.06198723792160438
Requests,module_311.py,504,315,36,2022-11-08,0.07142857142857142,0.625
Flask,module_312.py,259,310,37,2022-11-09,0.14285714285714285,1.196911196911197
Django,module_313.py,771,334,7,2022-11-10,0.009079118028534372,0.43320363164721143
Flask,module_314.py,1891,87,45,2022-11-11,0.023796932839767318,0.046007403490216814
Requests,module_315.py,1562,351,13,2022-11-12,0.008322663252240717,0.22471190781049935
Requests,module_316.py,1323,162,42,2022-11-13,0.031746031746031744,0.12244897959183673
Pandas,module_317.py,930,434,0,2022-11-14,0.0,0.4666666666666667
Requests,module_318.py,903,195,6,2022-11-15,0.006644518272425249,0.2159468438538206
Requests,module_319.py,394,382,43,2022-11-16,0.10913705583756345,0.9695431472081218
Pandas,module_320.py,840,370,31,2022-11-17,0.036904761904761905,0.44047619047619047
Flask,module_321.py,152,378,24,2022-11-18,0.15789473684210525,2.486842105263158
Pandas,module_322.py,1118,158,10,2022-11-19,0.008944543828264758,0.1413237924865832
NumPy,module_323.py,1487,214,4,2022-11-20,0.0026899798251513113,0.14391392064559516
Django,module_324.py,1049,200,14,2022-11-21,0.01334604385128694,0.19065776930409914
NumPy,module_325.py,221,385,14,2022-11-22,0.06334841628959276,1.742081447963801
Flask,module_326.py,1646,94,27,2022-11-23,0.016403402187120292,0.05710814094775213
Flask,module_327.py,1718,89,17,2022-11-24,0.00989522700814901,0.05180442374854482
Pandas,module_328.py,817,149,45,2022-11-25,0.05507955936352509,0.18237454100367198
Pandas,module_329.py,1412,256,32,2022-11-26,0.0226628895184136,0.1813031161473088
Pandas,module_330.py,1438,428,18,2022-11-27,0.012517385257301807,0.29763560500695413
NumPy,module_331.py,1775,484,44,2022-11-28,0.024788732394366197,0.27267605633802816
Requests,module_332.py,1803,356,28,2022-11-29,0.01552967276760954,0.19744869661674985
Pandas,module_333.py,908,351,11,2022-11-30,0.012114537444933921,0.3865638766519824
Django,module_334.py,550,493,1,2022-12-01,0.0018181818181818182,0.8963636363636364
Flask,module_335.py,252,306,24,2022-12-02,0.09523809523809523,1.2142857142857142
NumPy,module_336.py,611,72,23,2022-12-03,0.03764320785597381,0.11783960720130933
Django,module_337.py,1615,173,16,2022-12-04,0.009907120743034056,0.10712074303405572
Requests,module_338.py,1964,238,11,2022-12-05,0.00560081466395112,0.12118126272912423
Django,module_339.py,609,132,21,2022-12-06,0.034482758620689655,0.21674876847290642
Requests,module_340.py,1549,99,2,2022-12-07,0.0012911555842479018,0.06391220142027114
NumPy,module_341.py,385,330,46,2022-12-08,0.11948051948051948,0.8571428571428571
Flask,module_342.py,1804,188,25,2022-12-09,0.01385809312638581,0.10421286031042129
NumPy,module_343.py,391,235,31,2022-12-10,0.0792838874680307,0.6010230179028133
Requests,module_344.py,1615,425,47,2022-12-11,0.02910216718266254,0.2631578947368421
Django,module_345.py,786,497,22,2022-12-12,0.027989821882951654,0.6323155216284987
NumPy,module_346.py,1358,279,47,2022-12-13,0.03460972017673049,0.20544918998527245
Flask,module_347.py,565,437,5,2022-12-14,0.008849557522123894,0.7734513274336283
Flask,module_348.py,428,161,41,2022-12-15,0.09579439252336448,0.37616822429906543
Requests,module_349.py,918,362,24,2022-12-16,0.026143790849673203,0.39433551198257083
Django,module_350.py,1294,213,12,2022-12-17,0.00927357032457496,0.16460587326120557
Flask,module_351.py,766,20,18,2022-12-18,0.02349869451697128,0.02610966057441253
Flask,module_352.py,1104,104,22,2022-12-19,0.019927536231884056,0.09420289855072464
NumPy,module_353.py,250,277,33,2022-12-20,0.132,1.108
Requests,module_354.py,159,49,22,2022-12-21,0.13836477987421383,0.3081761006289308
Requests,module_355.py,1348,288,48,2022-12-22,0.03560830860534125,0.21364985163204747
Django,module_356.py,1059,116,15,2022-12-23,0.014164305949008499,0.10953729933899906
Flask,module_357.py,1027,374,47,2022-12-24,0.045764362220058426,0.3641674780915287
Pandas,module_358.py,916,152,18,2022-12-25,0.019650655021834062,0.16593886462882096
Requests,module_359.py,867,209,48,2022-12-26,0.05536332179930796,0.24106113033448673
Requests,module_360.py,1790,125,6,2022-12-27,0.0033519553072625698,0.06983240223463687
NumPy,module_361.py,328,80,39,2022-12-28,0.11890243902439024,0.24390243902439024
Django,module_362.py,206,304,18,2022-12-29,0.08737864077669903,1.4757281553398058
Django,module_363.py,389,429,41,2022-12-30,0.10539845758354756,1.1028277634961439
Requests,module_364.py,414,235,21,2022-12-31,0.050724637681159424,0.5676328502415459
Flask,module_365.py,1421,383,12,2023-01-01,0.00844475721323012,0.26952850105559467
Pandas,module_366.py,1199,126,4,2023-01-02,0.003336113427856547,0.10508757297748124
Requests,module_367.py,534,137,31,2023-01-03,0.05805243445692884,0.2565543071161049
Pandas,module_368.py,943,228,49,2023-01-04,0.051961823966065745,0.2417815482502651
Pandas,module_369.py,88,4,26,2023-01-05,0.29545454545454547,0.045454545454545456
Django,module_370.py,50,44,20,2023-01-06,0.4,0.88
Flask,module_371.py,1552,25,35,2023-01-07,0.022551546391752577,0.01610824742268041
NumPy,module_372.py,984,213,14,2023-01-08,0.014227642276422764,0.21646341463414634
Flask,module_373.py,1004,88,13,2023-01-09,0.012948207171314742,0.08764940239043825
NumPy,module_374.py,1432,426,22,2023-01-10,0.015363128491620111,0.29748603351955305
Django,module_375.py,167,59,30,2023-01-11,0.17964071856287425,0.3532934131736527
Flask,module_376.py,412,314,7,2023-01-12,0.01699029126213592,0.7621359223300971
Requests,module_377.py,1539,200,31,2023-01-13,0.02014294996751137,0.1299545159194282
Pandas,module_378.py,305,421,16,2023-01-14,0.05245901639344262,1.380327868852459
Requests,module_379.py,1763,112,33,2023-01-15,0.01871809415768576,0.06352807714123652
NumPy,module_380.py,411,479,27,2023-01-16,0.06569343065693431,1.1654501216545012
Requests,module_381.py,1040,75,17,2023-01-17,0.016346153846153847,0.07211538461538461
NumPy,module_382.py,396,243,43,2023-01-18,0.10858585858585859,0.6136363636363636
Django,module_383.py,1778,43,20,2023-01-19,0.01124859392575928,0.024184476940382452
Pandas,module_384.py,1131,274,20,2023-01-20,0.01768346595932803,0.242263483642794
NumPy,module_385.py,1909,380,8,2023-01-21,0.0041906757464641176,0.19905709795704557
Pandas,module_386.py,1802,346,32,2023-01-22,0.017758046614872364,0.19200887902330743
Requests,module_387.py,1067,474,10,2023-01-23,0.00937207122774133,0.4442361761949391
Requests,module_388.py,929,314,35,2023-01-24,0.03767491926803014,0.3379978471474704
NumPy,module_389.py,461,434,21,2023-01-25,0.0455531453362256,0.9414316702819957
NumPy,module_390.py,1110,363,0,2023-01-26,0.0,0.327027027027027
Requests,module_391.py,1490,366,11,2023-01-27,0.00738255033557047,0.24563758389261744
Pandas,module_392.py,1908,5,24,2023-01-28,0.012578616352201259,0.002620545073375262
Requests,module_393.py,131,461,16,2023-01-29,0.12213740458015267,3.519083969465649
NumPy,module_394.py,292,405,26,2023-01-30,0.08904109589041095,1.3869863013698631
Pandas,module_395.py,1377,362,9,2023-01-31,0.006535947712418301,0.26289034132171385
NumPy,module_396.py,1847,207,16,2023-02-01,0.008662696264212236,0.1120736329182458
Django,module_397.py,969,22,18,2023-02-02,0.018575851393188854,0.022703818369453045
Requests,module_398.py,720,82,0,2023-02-03,0.0,0.11388888888888889
Flask,module_399.py,658,161,23,2023-02-04,0.034954407294832825,0.24468085106382978
NumPy,module_400.py,912,443,23,2023-02-05,0.025219298245614034,0.4857456140350877
Django,module_401.py,1100,294,49,2023-02-06,0.04454545454545455,0.2672727272727273
Django,module_402.py,620,42,22,2023-02-07,0.035483870967741936,0.06774193548387097
Django,module_403.py,1271,410,19,2023-02-08,0.014948859166011016,0.3225806451612903
Pandas,module_404.py,341,202,26,2023-02-09,0.07624633431085044,0.592375366568915
Flask,module_405.py,431,332,45,2023-02-10,0.10440835266821345,0.7703016241299304
Requests,module_406.py,1967,305,10,2023-02-11,0.005083884087442806,0.1550584646670056
Requests,module_407.py,684,174,10,2023-02-12,0.014619883040935672,0.2543859649122807
Requests,module_408.py,311,238,35,2023-02-13,0.11254019292604502,0.7652733118971061
Requests,module_409.py,1973,176,31,2023-02-14,0.015712113532691332,0.08920425747592499
NumPy,module_410.py,1778,451,7,2023-02-15,0.003937007874015748,0.25365579302587177
Requests,module_411.py,591,293,29,2023-02-16,0.049069373942470386,0.4957698815566836
Requests,module_412.py,1229,462,21,2023-02-17,0.01708706265256306,0.37591537835638733
NumPy,module_413.py,629,408,2,2023-02-18,0.003179650238473768,0.6486486486486487
Django,module_414.py,1243,157,16,2023-02-19,0.012872083668543845,0.1263073209975865
Flask,module_415.py,700,211,3,2023-02-20,0.004285714285714286,0.30142857142857143
NumPy,module_416.py,1986,222,27,2023-02-21,0.013595166163141994,0.11178247734138973
Flask,module_417.py,1982,342,41,2023-02-22,0.020686175580221997,0.17255297679112008
Pandas,module_418.py,1096,234,19,2023-02-23,0.017335766423357664,0.21350364963503649
Flask,module_419.py,941,101,21,2023-02-24,0.022316684378320937,0.1073326248671626
Django,module_420.py,129,451,44,2023-02-25,0.34108527131782945,3.496124031007752
Django,module_421.py,1257,234,7,2023-02-26,0.005568814638027049,0.18615751789976134
NumPy,module_422.py,144,245,29,2023-02-27,0.2013888888888889,1.7013888888888888
Pandas,module_423.py,824,287,4,2023-02-28,0.0048543689320388345,0.3483009708737864
Django,module_424.py,656,160,13,2023-03-01,0.019817073170731708,0.24390243902439024
Flask,module_425.py,892,113,37,2023-03-02,0.04147982062780269,0.1266816143497758
Requests,module_426.py,504,238,18,2023-03-03,0.03571428571428571,0.4722222222222222
Flask,module_427.py,1282,301,36,2023-03-04,0.028081123244929798,0.23478939157566303
Requests,module_428.py,1019,312,20,2023-03-05,0.019627085377821395,0.30618253189401373
Requests,module_429.py,1112,361,14,2023-03-06,0.012589928057553957,0.32464028776978415
Requests,module_430.py,624,413,15,2023-03-07,0.02403846153846154,0.6618589743589743
Pandas,module_431.py,1237,31,15,2023-03-08,0.012126111560226353,0.025060630557801132
Requests,module_432.py,1827,58,14,2023-03-09,0.007662835249042145,0.031746031746031744
Django,module_433.py,1750,337,30,2023-03-10,0.017142857142857144,0.19257142857142856
Requests,module_434.py,1519,155,31,2023-03-11,0.02040816326530612,0.10204081632653061
Flask,module_435.py,676,364,6,2023-03-12,0.008875739644970414,0.5384615384615384
NumPy,module_436.py,628,11,42,2023-03-13,0.06687898089171974,0.01751592356687898
Requests,module_437.py,660,467,1,2023-03-14,0.0015151515151515152,0.7075757575757575
Django,module_438.py,896,163,49,2023-03-15,0.0546875,0.18191964285714285
NumPy,module_439.py,1566,91,35,2023-03-16,0.02234993614303959,0.05810983397190294
Flask,module_440.py,849,5,38,2023-03-17,0.0447585394581861,0.005889281507656066
Requests,module_441.py,1770,1,34,2023-03-18,0.0192090395480226,0.0005649717514124294
Flask,module_442.py,1342,18,15,2023-03-19,0.011177347242921014,0.013412816691505217
Requests,module_443.py,62,197,10,2023-03-20,0.16129032258064516,3.1774193548387095
Pandas,module_444.py,1273,35,9,2023-03-21,0.007069913589945012,0.02749410840534171
Django,module_445.py,1602,37,6,2023-03-22,0.003745318352059925,0.023096129837702872
Django,module_446.py,1209,126,33,2023-03-23,0.02729528535980149,0.10421836228287841
Django,module_447.py,1898,221,45,2023-03-24,0.02370916754478398,0.11643835616438356
Flask,module_448.py,437,100,30,2023-03-25,0.06864988558352403,0.2288329519450801
NumPy,module_449.py,148,144,34,2023-03-26,0.22972972972972974,0.972972972972973
Requests,module_450.py,1771,17,40,2023-03-27,0.02258610954263128,0.009599096555618294
Django,module_451.py,774,281,29,2023-03-28,0.037467700258397935,0.36304909560723514
Flask,module_452.py,996,359,49,2023-03-29,0.04919678714859438,0.3604417670682731
Requests,module_453.py,965,379,28,2023-03-30,0.029015544041450778,0.3927461139896373
Requests,module_454.py,1146,411,25,2023-03-31,0.02181500872600349,0.3586387434554974
NumPy,module_455.py,1475,375,0,2023-04-01,0.0,0.2542372881355932
Requests,module_456.py,1003,150,46,2023-04-02,0.045862412761714856,0.14955134596211367
Flask,module_457.py,1168,342,29,2023-04-03,0.02482876712328767,0.2928082191780822
NumPy,module_458.py,788,5,17,2023-04-04,0.021573604060913704,0.006345177664974619
NumPy,module_459.py,1710,97,1,2023-04-05,0.0005847953216374269,0.05672514619883041
Flask,module_460.py,554,272,23,2023-04-06,0.04151624548736462,0.49097472924187724
Pandas,module_461.py,686,293,5,2023-04-07,0.007288629737609329,0.4271137026239067
Requests,module_462.py,1383,387,30,2023-04-08,0.021691973969631236,0.279826464208243
Requests,module_463.py,1716,286,36,2023-04-09,0.02097902097902098,0.16666666666666666
Requests,module_464.py,1289,251,15,2023-04-10,0.011636927851047323,0.1947245927075252
NumPy,module_465.py,1433,216,31,2023-04-11,0.021632937892533146,0.15073272854152128
Flask,module_466.py,640,313,40,2023-04-12,0.0625,0.4890625
Django,module_467.py,1248,445,16,2023-04-13,0.01282051282051282,0.35657051282051283
Pandas,module_468.py,1797,58,9,2023-04-14,0.005008347245409015,0.032276015581524764
Pandas,module_469.py,1891,219,11,2023-04-15,0.005817028027498678,0.11581173982020095
Django,module_470.py,1214,220,47,2023-04-16,0.03871499176276771,0.1812191103789127
Flask,module_471.py,617,260,46,2023-04-17,0.07455429497568881,0.4213938411669368
Pandas,module_472.py,1494,249,6,2023-04-18,0.004016064257028112,0.16666666666666666
Flask,module_473.py,1754,42,22,2023-04-19,0.012542759407069556,0.02394526795895097
NumPy,module_474.py,724,75,46,2023-04-20,0.06353591160220995,0.10359116022099447
Pandas,module_475.py,203,433,31,2023-04-21,0.15270935960591134,2.1330049261083746
Flask,module_476.py,593,172,21,2023-04-22,0.03541315345699832,0.2900505902192243
Requests,module_477.py,160,306,20,2023-04-23,0.125,1.9125
Requests,module_478.py,1520,304,2,2023-04-24,0.0013157894736842105,0.2
Pandas,module_479.py,375,169,14,2023-04-25,0.037333333333333336,0.45066666666666666
Requests,module_480.py,1121,434,29,2023-04-26,0.025869759143621766,0.3871543264942016
Django,module_481.py,1721,407,26,2023-04-27,0.015107495642068565,0.23649041255084252
NumPy,module_482.py,1230,93,19,2023-04-28,0.015447154471544716,0.07560975609756097
Django,module_483.py,982,326,13,2023-04-29,0.013238289205702648,0.3319755600814664
NumPy,module_484.py,1377,286,2,2023-04-30,0.0014524328249818446,0.20769789397240376
Flask,module_485.py,566,74,25,2023-05-01,0.044169611307420496,0.13074204946996468
Django,module_486.py,1542,464,26,2023-05-02,0.016861219195849545,0.3009079118028534
Requests,module_487.py,1716,191,25,2023-05-03,0.014568764568764568,0.11130536130536131
NumPy,module_488.py,1337,436,38,2023-05-04,0.028421839940164548,0.3261032161555722
Pandas,module_489.py,1193,223,24,2023-05-05,0.020117351215423303,0.18692372170997484
Pandas,module_490.py,161,146,10,2023-05-06,0.062111801242236024,0.906832298136646
NumPy,module_491.py,184,428,24,2023-05-07,0.13043478260869565,2.3260869565217392
Pandas,module_492.py,1133,49,27,2023-05-08,0.02383053839364519,0.04324801412180053
NumPy,module_493.py,419,381,38,2023-05-09,0.09069212410501193,0.9093078758949881
Flask,module_494.py,1452,43,39,2023-05-10,0.026859504132231406,0.029614325068870524
Flask,module_495.py,564,418,33,2023-05-11,0.05851063829787234,0.7411347517730497
Requests,module_496.py,1708,298,40,2023-05-12,0.0234192037470726,0.17447306791569087
NumPy,module_497.py,661,409,35,2023-05-13,0.0529500756429652,0.6187594553706506
Flask,module_498.py,413,297,16,2023-05-14,0.0387409200968523,0.7191283292978208
Requests,module_499.py,1031,406,37,2023-05-15,0.03588748787584869,0.3937924345295829
Django,module_500.py,111,352,6,2023-05-16,0.05405405405405406,3.171171171171171
Django,module_501.py,1721,232,17,2023-05-17,0.009877977919814061,0.1348053457292272
Django,module_502.py,1807,371,4,2023-05-18,0.002213613724405091,0.20531267293857222
Flask,module_503.py,62,388,39,2023-05-19,0.6290322580645161,6.258064516129032
Pandas,module_504.py,773,270,22,2023-05-20,0.028460543337645538,0.34928848641655885
NumPy,module_505.py,1095,391,25,2023-05-21,0.0228310502283105,0.35707762557077627
NumPy,module_506.py,901,226,37,2023-05-22,0.041065482796892344,0.25083240843507215
Requests,module_507.py,278,430,26,2023-05-23,0.09352517985611511,1.5467625899280575
NumPy,module_508.py,267,308,8,2023-05-24,0.0299625468164794,1.1535580524344569
Flask,module_509.py,768,199,25,2023-05-25,0.032552083333333336,0.2591145833333333
Requests,module_510.py,1229,20,15,2023-05-26,0.012205044751830757,0.01627339300244101
Pandas,module_511.py,314,253,42,2023-05-27,0.1337579617834395,0.8057324840764332
Pandas,module_512.py,1299,166,49,2023-05-28,0.037721324095458045,0.12779060816012316
Requests,module_513.py,1984,1,28,2023-05-29,0.014112903225806451,0.0005040322580645161
Pandas,module_514.py,1853,182,45,2023-05-30,0.024284943335132217,0.09821910415542363
Django,module_515.py,1368,202,30,2023-05-31,0.021929824561403508,0.1476608187134503
Requests,module_516.py,1560,324,14,2023-06-01,0.008974358974358974,0.2076923076923077
NumPy,module_517.py,1765,260,5,2023-06-02,0.0028328611898017,0.14730878186968838
Pandas,module_518.py,1430,429,18,2023-06-03,0.012587412587412588,0.3
Requests,module_519.py,1463,136,5,2023-06-04,0.003417634996582365,0.09295967190704033
NumPy,module_520.py,1174,149,3,2023-06-05,0.002555366269165247,0.12691652470187392
Requests,module_521.py,1209,202,44,2023-06-06,0.036393713813068655,0.16708023159636062
Pandas,module_522.py,567,445,12,2023-06-07,0.021164021164021163,0.7848324514991182
Flask,module_523.py,1349,266,1,2023-06-08,0.0007412898443291327,0.19718309859154928
Flask,module_524.py,582,263,12,2023-06-09,0.020618556701030927,0.4518900343642612
Django,module_525.py,1821,320,30,2023-06-10,0.016474464579901153,0.1757276221856123
Flask,module_526.py,1245,434,20,2023-06-11,0.01606425702811245,0.3485943775100402
Flask,module_527.py,1666,187,36,2023-06-12,0.021608643457382955,0.11224489795918367
Flask,module_528.py,1290,134,33,2023-06-13,0.02558139534883721,0.10387596899224806
Pandas,module_529.py,649,88,0,2023-06-14,0.0,0.13559322033898305
NumPy,module_530.py,1232,58,4,2023-06-15,0.003246753246753247,0.04707792207792208
Flask,module_531.py,919,296,10,2023-06-16,0.01088139281828074,0.3220892274211099
Django,module_532.py,1410,218,38,2023-06-17,0.02695035460992908,0.15460992907801419
Pandas,module_533.py,332,206,44,2023-06-18,0.13253012048192772,0.6204819277108434
Requests,module_534.py,1923,174,48,2023-06-19,0.0249609984399376,0.0904836193447738
Requests,module_535.py,1155,498,48,2023-06-20,0.04155844155844156,0.43116883116883115
Django,module_536.py,512,243,39,2023-06-21,0.076171875,0.474609375
Pandas,module_537.py,99,62,41,2023-06-22,0.41414141414141414,0.6262626262626263
Flask,module_538.py,685,427,45,2023-06-23,0.06569343065693431,0.6233576642335766
Pandas,module_539.py,137,407,27,2023-06-24,0.19708029197080293,2.9708029197080292
Django,module_540.py,1237,271,35,2023-06-25,0.028294260307194827,0.2190784155214228
NumPy,module_541.py,121,174,20,2023-06-26,0.1652892561983471,1.43801652892562
NumPy,module_542.py,386,336,20,2023-06-27,0.05181347150259067,0.8704663212435233
Django,module_543.py,850,44,10,2023-06-28,0.011764705882352941,0.05176470588235294
Requests,module_544.py,1481,45,39,2023-06-29,0.02633355840648211,0.03038487508440243
Flask,module_545.py,1741,208,28,2023-06-30,0.016082711085583,0.11947156806433085
NumPy,module_546.py,1194,109,24,2023-07-01,0.020100502512562814,0.09128978224455611
Requests,module_547.py,1965,480,33,2023-07-02,0.016793893129770993,0.24427480916030533
Requests,module_548.py,1091,184,29,2023-07-03,0.026581118240146653,0.1686526122823098
Django,module_549.py,799,261,5,2023-07-04,0.006257822277847309,0.32665832290362956
Flask,module_550.py,1106,14,32,2023-07-05,0.028933092224231464,0.012658227848101266
Pandas,module_551.py,806,413,37,2023-07-06,0.04590570719602978,0.5124069478908189
Django,module_552.py,810,328,25,2023-07-07,0.030864197530864196,0.4049382716049383
Requests,module_553.py,1861,371,49,2023-07-08,0.026329930145083287,0.19935518538420205
NumPy,module_554.py,493,129,37,2023-07-09,0.07505070993914807,0.2616632860040568
Requests,module_555.py,742,266,25,2023-07-10,0.03369272237196765,0.3584905660377358
Django,module_556.py,632,317,35,2023-07-11,0.055379746835443035,0.5015822784810127
NumPy,module_557.py,1029,403,15,2023-07-12,0.014577259475218658,0.391642371234208
NumPy,module_558.py,1912,138,13,2023-07-13,0.006799163179916318,0.07217573221757322
Requests,module_559.py,263,163,21,2023-07-14,0.07984790874524715,0.6197718631178707
Flask,module_560.py,1816,173,22,2023-07-15,0.012114537444933921,0.09526431718061674
Flask,module_561.py,1733,375,22,2023-07-16,0.012694748990190421,0.21638776687824582
Requests,module_562.py,1192,427,7,2023-07-17,0.00587248322147651,0.35822147651006714
Flask,module_563.py,1101,478,36,2023-07-18,0.0326975476839237,0.43415077202543145
Django,module_564.py,1997,306,8,2023-07-19,0.00400600901352028,0.15322984476715074
Flask,module_565.py,238,95,38,2023-07-20,0.15966386554621848,0.39915966386554624
NumPy,module_566.py,191,362,33,2023-07-21,0.17277486910994763,1.8952879581151831
Requests,module_567.py,1061,80,21,2023-07-22,0.019792648444863337,0.07540056550424128
Flask,module_568.py,820,117,35,2023-07-23,0.042682926829268296,0.14268292682926828
Django,module_569.py,1381,314,32,2023-07-24,0.023171614771904415,0.2273714699493121
Flask,module_570.py,1959,6,1,2023-07-25,0.0005104645227156713,0.0030627871362940277
Django,module_571.py,76,320,11,2023-07-26,0.14473684210526316,4.2105263157894735
Requests,module_572.py,462,173,24,2023-07-27,0.05194805194805195,0.37445887445887444
NumPy,module_573.py,347,253,38,2023-07-28,0.10951008645533142,0.729106628242075
Django,module_574.py,1536,324,25,2023-07-29,0.016276041666666668,0.2109375
Django,module_575.py,1086,140,30,2023-07-30,0.027624309392265192,0.1289134438305709
Pandas,module_576.py,321,436,17,2023-07-31,0.0529595015576324,1.3582554517133956
Django,module_577.py,881,350,20,2023-08-01,0.022701475595913734,0.39727582292849034
Django,module_578.py,456,267,5,2023-08-02,0.010964912280701754,0.5855263157894737
Requests,module_579.py,1333,193,44,2023-08-03,0.033008252063015754,0.1447861965491373
Requests,module_580.py,981,302,42,2023-08-04,0.04281345565749235,0.30784913353720694
Flask,module_581.py,1732,354,5,2023-08-05,0.002886836027713626,0.20438799076212472
NumPy,module_582.py,1786,370,23,2023-08-06,0.012877939529675251,0.20716685330347145
NumPy,module_583.py,217,250,10,2023-08-07,0.04608294930875576,1.152073732718894
Requests,module_584.py,279,462,28,2023-08-08,0.1003584229390681,1.6559139784946237
Requests,module_585.py,491,417,2,2023-08-09,0.004073319755600814,0.8492871690427699
Flask,module_586.py,256,32,19,2023-08-10,0.07421875,0.125
Pandas,module_587.py,1378,324,12,2023-08-11,0.008708272859216255,0.2351233671988389
Flask,module_588.py,1754,439,34,2023-08-12,0.019384264538198404,0.250285062713797
Pandas,module_589.py,244,241,25,2023-08-13,0.10245901639344263,0.9877049180327869
Flask,module_590.py,1943,168,23,2023-08-14,0.011837364899639732,0.08646423057128153
NumPy,module_591.py,953,160,41,2023-08-15,0.04302203567681007,0.16789087093389296
Pandas,module_592.py,380,43,24,2023-08-16,0.06315789473684211,0.11315789473684211
Pandas,module_593.py,839,281,11,2023-08-17,0.013110846245530394,0.33492252681764006
Flask,module_594.py,401,274,40,2023-08-18,0.09975062344139651,0.683291770573566
Requests,module_595.py,496,222,7,2023-08-19,0.014112903225806451,0.4475806451612903
Flask,module_596.py,1775,465,13,2023-08-20,0.007323943661971831,0.2619718309859155
NumPy,module_597.py,759,458,29,2023-08-21,0.03820816864295125,0.6034255599472991
Flask,module_598.py,1143,30,0,2023-08-22,0.0,0.026246719160104987
Flask,module_599.py,1550,22,21,2023-08-23,0.013548387096774193,0.014193548387096775
Flask,module_600.py,1665,230,21,2023-08-24,0.012612612612612612,0.13813813813813813
Flask,module_601.py,55,278,4,2023-08-25,0.07272727272727272,5.054545454545455
Flask,module_602.py,1240,388,7,2023-08-26,0.00564516129032258,0.31290322580645163
Django,module_603.py,1725,205,26,2023-08-27,0.015072463768115942,0.11884057971014493
Pandas,module_604.py,608,327,22,2023-08-28,0.03618421052631579,0.537828947368421
Django,module_605.py,292,177,20,2023-08-29,0.0684931506849315,0.6061643835616438
Flask,module_606.py,559,425,38,2023-08-30,0.06797853309481217,0.7602862254025045
Requests,module_607.py,1837,234,19,2023-08-31,0.010342950462710943,0.12738160043549265
NumPy,module_608.py,1608,34,21,2023-09-01,0.013059701492537313,0.021144278606965175
Flask,module_609.py,502,110,41,2023-09-02,0.08167330677290836,0.21912350597609562
NumPy,module_610.py,1117,368,22,2023-09-03,0.019695613249776187,0.3294538943598926
NumPy,module_611.py,1878,297,25,2023-09-04,0.013312034078807242,0.15814696485623003
Pandas,module_612.py,1837,461,19,2023-09-05,0.010342950462710943,0.25095264017419705
Flask,module_613.py,1632,370,19,2023-09-06,0.011642156862745098,0.2267156862745098
Pandas,module_614.py,866,379,40,2023-09-07,0.046189376443418015,0.4376443418013857
Flask,module_615.py,1762,204,40,2023-09-08,0.022701475595913734,0.11577752553916004
NumPy,module_616.py,1545,359,11,2023-09-09,0.007119741100323625,0.23236245954692555
Django,module_617.py,1536,395,15,2023-09-10,0.009765625,0.2571614583333333
Django,module_618.py,750,407,17,2023-09-11,0.02266666666666667,0.5426666666666666
Django,module_619.py,378,490,6,2023-09-12,0.015873015873015872,1.2962962962962963
Pandas,module_620.py,501,394,7,2023-09-13,0.013972055888223553,0.7864271457085829
Django,module_621.py,492,406,15,2023-09-14,0.03048780487804878,0.8252032520325203
Django,module_622.py,1465,19,46,2023-09-15,0.031399317406143344,0.012969283276450512
Flask,module_623.py,754,397,46,2023-09-16,0.0610079575596817,0.5265251989389921
Pandas,module_624.py,1372,90,26,2023-09-17,0.018950437317784258,0.06559766763848396
Pandas,module_625.py,539,378,41,2023-09-18,0.07606679035250463,0.7012987012987013
Django,module_626.py,1730,335,30,2023-09-19,0.017341040462427744,0.1936416184971098
NumPy,module_627.py,1236,294,27,2023-09-20,0.021844660194174758,0.23786407766990292
Pandas,module_628.py,1266,379,16,2023-09-21,0.01263823064770932,0.29936808846761453
NumPy,module_629.py,150,192,24,2023-09-22,0.16,1.28
Django,module_630.py,722,28,35,2023-09-23,0.04847645429362881,0.038781163434903045
Pandas,module_631.py,418,221,25,2023-09-24,0.05980861244019139,0.5287081339712919
Django,module_632.py,767,211,12,2023-09-25,0.01564537157757497,0.27509778357235987
Pandas,module_633.py,880,139,17,2023-09-26,0.019318181818181818,0.15795454545454546
Flask,module_634.py,1803,477,36,2023-09-27,0.019966722129783693,0.26455906821963393
Django,module_635.py,1536,21,21,2023-09-28,0.013671875,0.013671875
NumPy,module_636.py,88,394,38,2023-09-29,0.4318181818181818,4.4772727272727275
Django,module_637.py,1433,313,14,2023-09-30,0.009769713886950453,0.2184228890439637
Pandas,module_638.py,837,43,0,2023-10-01,0.0,0.05137395459976105
NumPy,module_639.py,209,191,49,2023-10-02,0.23444976076555024,0.9138755980861244
Pandas,module_640.py,1222,386,10,2023-10-03,0.008183306055646482,0.3158756137479542
Requests,module_641.py,1484,428,7,2023-10-04,0.0047169811320754715,0.2884097035040431
Pandas,module_642.py,589,52,9,2023-10-05,0.015280135823429542,0.08828522920203735
Flask,module_643.py,554,479,29,2023-10-06,0.052346570397111915,0.8646209386281588
NumPy,module_644.py,944,199,28,2023-10-07,0.029661016949152543,0.2108050847457627
Pandas,module_645.py,159,405,43,2023-10-08,0.27044025157232704,2.547169811320755
Pandas,module_646.py,1390,389,27,2023-10-09,0.019424460431654675,0.2798561151079137
NumPy,module_647.py,65,182,35,2023-10-10,0.5384615384615384,2.8
Pandas,module_648.py,952,73,4,2023-10-11,0.004201680672268907,0.07668067226890757
Requests,module_649.py,578,293,17,2023-10-12,0.029411764705882353,0.5069204152249135
Pandas,module_650.py,477,338,23,2023-10-13,0.04821802935010482,0.7085953878406709
Requests,module_651.py,900,333,38,2023-10-14,0.042222222222222223,0.37
Requests,module_652.py,1592,13,3,2023-10-15,0.0018844221105527637,0.008165829145728644
Requests,module_653.py,606,434,17,2023-10-16,0.028052805280528052,0.7161716171617162
Flask,module_654.py,1828,99,12,2023-10-17,0.006564551422319475,0.05415754923413567
Flask,module_655.py,569,447,20,2023-10-18,0.0351493848857645,0.7855887521968365
Requests,module_656.py,1274,221,2,2023-10-19,0.0015698587127158557,0.17346938775510204
NumPy,module_657.py,510,28,14,2023-10-20,0.027450980392156862,0.054901960784313725
Requests,module_658.py,1976,36,32,2023-10-21,0.016194331983805668,0.018218623481781375
Requests,module_659.py,1624,91,35,2023-10-22,0.021551724137931036,0.05603448275862069
Flask,module_660.py,1627,174,42,2023-10-23,0.02581438229870928,0.10694529809465274
Flask,module_661.py,455,132,44,2023-10-24,0.0967032967032967,0.29010989010989013
Flask,module_662.py,1934,120,30,2023-10-25,0.015511892450879007,0.06204756980351603
Pandas,module_663.py,514,426,25,2023-10-26,0.048638132295719845,0.8287937743190662
NumPy,module_664.py,1124,169,49,2023-10-27,0.04359430604982206,0.15035587188612098
Django,module_665.py,1518,224,30,2023-10-28,0.019762845849802372,0.14756258234519104
Pandas,module_666.py,237,174,37,2023-10-29,0.15611814345991562,0.7341772151898734
Django,module_667.py,1183,198,28,2023-10-30,0.023668639053254437,0.16737109044801352
Requests,module_668.py,143,451,44,2023-10-31,0.3076923076923077,3.1538461538461537
Requests,module_669.py,1873,108,2,2023-11-01,0.0010678056593699946,0.05766150560597971
Django,module_670.py,429,330,17,2023-11-02,0.039627039627039624,0.7692307692307693
Pandas,module_671.py,1750,86,41,2023-11-03,0.023428571428571427,0.04914285714285714
NumPy,module_672.py,1020,202,17,2023-11-04,0.016666666666666666,0.1980392156862745
NumPy,module_673.py,1580,471,28,2023-11-05,0.017721518987341773,0.2981012658227848
NumPy,module_674.py,66,142,29,2023-11-06,0.4393939393939394,2.1515151515151514
Django,module_675.py,1844,386,1,2023-11-07,0.0005422993492407809,0.20932754880694143
Pandas,module_676.py,1761,411,20,2023-11-08,0.011357183418512209,0.23339011925042588
NumPy,module_677.py,164,96,16,2023-11-09,0.0975609756097561,0.5853658536585366
Django,module_678.py,1932,273,8,2023-11-10,0.004140786749482402,0.14130434782608695
NumPy,module_679.py,1085,397,9,2023-11-11,0.008294930875576038,0.36589861751152075
Requests,module_680.py,677,259,22,2023-11-12,0.03249630723781388,0.3825701624815362
NumPy,module_681.py,270,210,12,2023-11-13,0.044444444444444446,0.7777777777777778
NumPy,module_682.py,348,415,48,2023-11-14,0.13793103448275862,1.1925287356321839
Flask,module_683.py,372,92,42,2023-11-15,0.11290322580645161,0.24731182795698925
Django,module_684.py,1198,488,13,2023-11-16,0.010851419031719533,0.4073455759599332
Requests,module_685.py,578,175,13,2023-11-17,0.02249134948096886,0.3027681660899654
Django,module_686.py,697,235,9,2023-11-18,0.01291248206599713,0.33715925394548063
Pandas,module_687.py,1762,432,45,2023-11-19,0.02553916004540295,0.24517593643586832
Requests,module_688.py,1148,407,16,2023-11-20,0.013937282229965157,0.35452961672473865
NumPy,module_689.py,861,125,41,2023-11-21,0.047619047619047616,0.14518002322880372
NumPy,module_690.py,1418,206,41,2023-11-22,0.028913963328631876,0.14527503526093088
NumPy,module_691.py,1364,187,45,2023-11-23,0.032991202346041054,0.13709677419354838
Requests,module_692.py,610,103,3,2023-11-24,0.004918032786885246,0.16885245901639345
Django,module_693.py,168,488,1,2023-11-25,0.005952380952380952,2.9047619047619047
Pandas,module_694.py,1586,317,30,2023-11-26,0.018915510718789406,0.19987389659520807
Requests,module_695.py,1706,131,15,2023-11-27,0.008792497069167644,0.07678780773739742
Requests,module_696.py,547,158,16,2023-11-28,0.029250457038391225,0.28884826325411334
Django,module_697.py,192,404,28,2023-11-29,0.14583333333333334,2.1041666666666665
NumPy,module_698.py,772,485,36,2023-11-30,0.046632124352331605,0.6282383419689119
Flask,module_699.py,675,356,12,2023-12-01,0.017777777777777778,0.5274074074074074
Requests,module_700.py,318,268,15,2023-12-02,0.04716981132075472,0.8427672955974843
Django,module_701.py,1179,487,7,2023-12-03,0.005937234944868533,0.41306191687871074
Django,module_702.py,1697,67,46,2023-12-04,0.027106658809664112,0.03948143783146729
Django,module_703.py,1601,42,30,2023-12-05,0.018738288569643973,0.02623360399750156
Django,module_704.py,366,242,47,2023-12-06,0.1284153005464481,0.6612021857923497
Django,module_705.py,1501,367,47,2023-12-07,0.0313124583610926,0.24450366422385075
Pandas,module_706.py,1332,315,35,2023-12-08,0.026276276276276277,0.23648648648648649
Flask,module_707.py,362,380,38,2023-12-09,0.10497237569060773,1.0497237569060773
Requests,module_708.py,1835,418,3,2023-12-10,0.0016348773841961854,0.22779291553133516
Requests,module_709.py,350,105,2,2023-12-11,0.005714285714285714,0.3
NumPy,module_710.py,175,305,36,2023-12-12,0.2057142857142857,1.7428571428571429
Pandas,module_711.py,1512,450,28,2023-12-13,0.018518518518518517,0.2976190476190476
Pandas,module_712.py,63,263,19,2023-12-14,0.30158730158730157,4.174603174603175
Pandas,module_713.py,1467,7,47,2023-12-15,0.032038173142467624,0.004771642808452625
Flask,module_714.py,1067,28,36,2023-12-16,0.033739456419868794,0.026241799437675725
Requests,module_715.py,1998,266,26,2023-12-17,0.013013013013013013,0.13313313313313313
Flask,module_716.py,1820,417,5,2023-12-18,0.0027472527472527475,0.2291208791208791
Django,module_717.py,1090,179,13,2023-12-19,0.011926605504587157,0.16422018348623854
NumPy,module_718.py,1582,345,3,2023-12-20,0.0018963337547408343,0.21807838179519595
NumPy,module_719.py,85,197,0,2023-12-21,0.0,2.3176470588235296
Requests,module_720.py,688,458,41,2023-12-22,0.059593023255813955,0.6656976744186046
Requests,module_721.py,141,306,44,2023-12-23,0.3120567375886525,2.1702127659574466
Pandas,module_722.py,1018,193,10,2023-12-24,0.009823182711198428,0.18958742632612965
Django,module_723.py,1720,370,23,2023-12-25,0.013372093023255814,0.21511627906976744
Django,module_724.py,1376,46,49,2023-12-26,0.03561046511627907,0.03343023255813953
Flask,module_725.py,1141,455,30,2023-12-27,0.026292725679228746,0.3987730061349693
NumPy,module_726.py,340,193,21,2023-12-28,0.061764705882352944,0.5676470588235294
Pandas,module_727.py,1786,228,10,2023-12-29,0.005599104143337066,0.1276595744680851
Requests,module_728.py,112,246,11,2023-12-30,0.09821428571428571,2.1964285714285716
Pandas,module_729.py,1463,431,31,2023-12-31,0.021189336978810664,0.29460013670539986
Requests,module_730.py,1682,218,17,2024-01-01,0.010107015457788348,0.12960760998810938
NumPy,module_731.py,998,231,7,2024-01-02,0.0070140280561122245,0.23146292585170342
Pandas,module_732.py,763,385,23,2024-01-03,0.03014416775884666,0.5045871559633027
NumPy,module_733.py,1981,338,49,2024-01-04,0.024734982332155476,0.17062089853609289
Django,module_734.py,1819,103,19,2024-01-05,0.010445299615173173,0.056624518966465094
Flask,module_735.py,1044,5,1,2024-01-06,0.0009578544061302681,0.004789272030651341
Requests,module_736.py,1657,490,38,2024-01-07,0.022933011466505733,0.2957151478575739
Flask,module_737.py,810,407,5,2024-01-08,0.006172839506172839,0.5024691358024691
Flask,module_738.py,1728,408,17,2024-01-09,0.009837962962962963,0.2361111111111111
Requests,module_739.py,158,111,27,2024-01-10,0.17088607594936708,0.7025316455696202
Pandas,module_740.py,573,158,28,2024-01-11,0.04886561954624782,0.2757417102966841
Requests,module_741.py,1700,25,33,2024-01-12,0.019411764705882354,0.014705882352941176
Requests,module_742.py,1799,12,32,2024-01-13,0.017787659811006114,0.006670372429127293
Requests,module_743.py,358,352,39,2024-01-14,0.10893854748603352,0.9832402234636871
Requests,module_744.py,407,125,18,2024-01-15,0.044226044226044224,0.3071253071253071
NumPy,module_745.py,1465,6,14,2024-01-16,0.00955631399317406,0.004095563139931741
Pandas,module_746.py,784,70,5,2024-01-17,0.006377551020408163,0.08928571428571429
NumPy,module_747.py,1954,34,33,2024-01-18,0.016888433981576252,0.017400204708290685
Flask,module_748.py,1970,137,29,2024-01-19,0.014720812182741117,0.06954314720812182
Requests,module_749.py,1708,179,1,2024-01-20,0.000585480093676815,0.10480093676814989
Requests,module_750.py,67,388,2,2024-01-21,0.029850746268656716,5.791044776119403
NumPy,module_751.py,1652,55,10,2024-01-22,0.006053268765133172,0.033292978208232446
Requests,module_752.py,61,421,6,2024-01-23,0.09836065573770492,6.901639344262295
Pandas,module_753.py,1526,466,3,2024-01-24,0.001965923984272608,0.3053735255570118
Pandas,module_754.py,617,367,37,2024-01-25,0.059967585089141004,0.5948136142625607
Django,module_755.py,1548,391,28,2024-01-26,0.01808785529715762,0.2525839793281654
NumPy,module_756.py,358,455,19,2024-01-27,0.05307262569832402,1.270949720670391
Flask,module_757.py,60,365,0,2024-01-28,0.0,6.083333333333333
Pandas,module_758.py,1244,183,45,2024-01-29,0.03617363344051447,0.14710610932475884
Django,module_759.py,571,306,32,2024-01-30,0.05604203152364273,0.5359019264448336
NumPy,module_760.py,1778,119,47,2024-01-31,0.026434195725534307,0.06692913385826772
Flask,module_761.py,1446,101,9,2024-02-01,0.006224066390041493,0.0698478561549101
Django,module_762.py,359,364,28,2024-02-02,0.07799442896935933,1.0139275766016713
Requests,module_763.py,1633,125,25,2024-02-03,0.015309246785058175,0.07654623392529088
Requests,module_764.py,481,166,12,2024-02-04,0.02494802494802495,0.34511434511434513
Requests,module_765.py,1203,332,40,2024-02-05,0.03325020781379884,0.27597672485453034
NumPy,module_766.py,758,105,3,2024-02-06,0.00395778364116095,0.13852242744063326
Django,module_767.py,1810,459,27,2024-02-07,0.014917127071823204,0.2535911602209945
Pandas,module_768.py,1219,437,13,2024-02-08,0.01066447908121411,0.3584905660377358
Pandas,module_769.py,1791,456,19,2024-02-09,0.01060859854829704,0.254606365159129
NumPy,module_770.py,1975,169,41,2024-02-10,0.020759493670886076,0.08556962025316456
NumPy,module_771.py,1514,465,4,2024-02-11,0.002642007926023778,0.30713342140026423
Pandas,module_772.py,1758,404,27,2024-02-12,0.015358361774744027,0.229806598407281
NumPy,module_773.py,655,485,47,2024-02-13,0.0717557251908397,0.7404580152671756
Pandas,module_774.py,1578,231,35,2024-02-14,0.022179974651457542,0.14638783269961977
Django,module_775.py,1467,77,10,2024-02-15,0.006816632583503749,0.05248807089297887
Requests,module_776.py,554,207,16,2024-02-16,0.02888086642599278,0.37364620938628157
Requests,module_777.py,1878,75,26,2024-02-17,0.013844515441959531,0.039936102236421724
NumPy,module_778.py,125,79,17,2024-02-18,0.136,0.632
Requests,module_779.py,1797,350,44,2024-02-19,0.02448525319977741,0.19476905954368393
NumPy,module_780.py,1623,46,17,2024-02-20,0.010474430067775724,0.028342575477510783
Requests,module_781.py,1284,74,21,2024-02-21,0.016355140186915886,0.05763239875389408
Django,module_782.py,1329,475,28,2024-02-22,0.021068472535741158,0.35741158765989467
Pandas,module_783.py,1573,477,25,2024-02-23,0.01589319771137953,0.30324221233312143
NumPy,module_784.py,1671,460,47,2024-02-24,0.028126870137642132,0.27528426092160385
Pandas,module_785.py,1784,53,17,2024-02-25,0.00952914798206278,0.029708520179372196
NumPy,module_786.py,753,491,23,2024-02-26,0.03054448871181939,0.6520584329349269
Flask,module_787.py,1477,457,40,2024-02-27,0.027081922816519974,0.3094109681787407
NumPy,module_788.py,734,440,35,2024-02-28,0.047683923705722074,0.5994550408719346
Flask,module_789.py,853,316,37,2024-02-29,0.04337631887456037,0.3704572098475967
Requests,module_790.py,953,431,2,2024-03-01,0.002098635886673662,0.4522560335781742
Flask,module_791.py,834,224,34,2024-03-02,0.0407673860911271,0.2685851318944844
Requests,module_792.py,1080,16,46,2024-03-03,0.04259259259259259,0.014814814814814815
Pandas,module_793.py,480,201,24,2024-03-04,0.05,0.41875
Requests,module_794.py,1787,3,12,2024-03-05,0.006715165081141578,0.0016787912702853946
Requests,module_795.py,1695,333,14,2024-03-06,0.008259587020648967,0.19646017699115045
NumPy,module_796.py,1329,67,27,2024-03-07,0.020316027088036117,0.05041384499623777
Flask,module_797.py,1494,331,35,2024-03-08,0.023427041499330656,0.2215528781793842
Flask,module_798.py,424,160,23,2024-03-09,0.054245283018867926,0.37735849056603776
Pandas,module_799.py,1611,307,31,2024-03-10,0.019242706393544383,0.19056486654252017
Flask,module_800.py,445,221,7,2024-03-11,0.015730337078651686,0.4966292134831461
NumPy,module_801.py,1990,93,22,2024-03-12,0.011055276381909548,0.04673366834170854
Flask,module_802.py,1361,51,29,2024-03-13,0.0213078618662748,0.03747244673034533
Requests,module_803.py,1373,134,24,2024-03-14,0.01747997086671522,0.09759650400582666
Pandas,module_804.py,328,90,39,2024-03-15,0.11890243902439024,0.27439024390243905
Django,module_805.py,859,291,36,2024-03-16,0.04190919674039581,0.33876600698486614
Pandas,module_806.py,365,191,15,2024-03-17,0.0410958904109589,0.5232876712328767
Flask,module_807.py,1968,17,44,2024-03-18,0.022357723577235773,0.008638211382113821
Requests,module_808.py,1120,192,18,2024-03-19,0.01607142857142857,0.17142857142857143
Requests,module_809.py,760,337,10,2024-03-20,0.013157894736842105,0.44342105263157894
Requests,module_810.py,208,119,38,2024-03-21,0.18269230769230768,0.5721153846153846
Flask,module_811.py,957,273,29,2024-03-22,0.030303030303030304,0.2852664576802508
Pandas,module_812.py,1585,488,11,2024-03-23,0.00694006309148265,0.3078864353312303
Pandas,module_813.py,1743,270,45,2024-03-24,0.025817555938037865,0.1549053356282272
Django,module_814.py,1979,439,22,2024-03-25,0.011116725618999495,0.22182920667003536
Django,module_815.py,1068,110,19,2024-03-26,0.017790262172284643,0.10299625468164794
Requests,module_816.py,1227,10,43,2024-03-27,0.03504482477587612,0.008149959250203748
Requests,module_817.py,190,215,20,2024-03-28,0.10526315789473684,1.131578947368421
Flask,module_818.py,558,441,5,2024-03-29,0.008960573476702509,0.7903225806451613
NumPy,module_819.py,1701,190,18,2024-03-30,0.010582010582010581,0.11169900058788948
NumPy,module_820.py,421,335,48,2024-03-31,0.11401425178147269,0.7957244655581948
Pandas,module_821.py,1087,364,12,2024-04-01,0.011039558417663294,0.33486660533578655
Django,module_822.py,1139,199,34,2024-04-02,0.029850746268656716,0.17471466198419666
Flask,module_823.py,731,13,42,2024-04-03,0.057455540355677154,0.017783857729138167
Pandas,module_824.py,613,104,34,2024-04-04,0.05546492659053834,0.16965742251223492
Django,module_825.py,1727,29,34,2024-04-05,0.019687319050376375,0.01679212507237985
Flask,module_826.py,1023,98,31,2024-04-06,0.030303030303030304,0.09579667644183773
NumPy,module_827.py,1095,124,40,2024-04-07,0.0365296803652968,0.1132420091324201
Django,module_828.py,1434,313,9,2024-04-08,0.006276150627615063,0.21827057182705717
Pandas,module_829.py,1929,200,29,2024-04-09,0.01503369621565578,0.10368066355624676
Requests,module_830.py,649,281,38,2024-04-10,0.05855161787365177,0.43297380585516176
Flask,module_831.py,1583,345,41,2024-04-11,0.025900189513581806,0.21794061907770057
Requests,module_832.py,1943,421,23,2024-04-12,0.011837364899639732,0.2166752444673186
Django,module_833.py,1690,268,5,2024-04-13,0.0029585798816568047,0.15857988165680473
Django,module_834.py,905,269,8,2024-04-14,0.008839779005524863,0.2972375690607735
Pandas,module_835.py,1941,242,9,2024-04-15,0.00463678516228748,0.12467800103039671
Flask,module_836.py,264,476,13,2024-04-16,0.04924242424242424,1.803030303030303
NumPy,module_837.py,60,161,28,2024-04-17,0.4666666666666667,2.683333333333333
Requests,module_838.py,1013,67,31,2024-04-18,0.03060217176702863,0.06614017769002961
Pandas,module_839.py,277,197,12,2024-04-19,0.04332129963898917,0.7111913357400722
Pandas,module_840.py,85,97,6,2024-04-20,0.07058823529411765,1.1411764705882352
NumPy,module_841.py,1346,188,32,2024-04-21,0.0237741456166419,0.13967310549777118
Pandas,module_842.py,1276,81,14,2024-04-22,0.0109717868338558,0.06347962382445141
Pandas,module_843.py,1081,168,4,2024-04-23,0.0037002775208140612,0.15541165587419056
Django,module_844.py,369,103,12,2024-04-24,0.032520325203252036,0.2791327913279133
NumPy,module_845.py,1975,366,11,2024-04-25,0.005569620253164557,0.18531645569620253
Django,module_846.py,539,430,44,2024-04-26,0.08163265306122448,0.7977736549165121
Django,module_847.py,90,261,47,2024-04-27,0.5222222222222223,2.9
NumPy,module_848.py,267,406,8,2024-04-28,0.0299625468164794,1.5205992509363295
Django,module_849.py,1103,167,10,2024-04-29,0.009066183136899365,0.1514052583862194
Requests,module_850.py,491,152,2,2024-04-30,0.004073319755600814,0.3095723014256619
Flask,module_851.py,1265,391,4,2024-05-01,0.0031620553359683794,0.3090909090909091
Requests,module_852.py,1951,271,24,2024-05-02,0.01230138390568939,0.1389031266017427
Django,module_853.py,648,203,16,2024-05-03,0.024691358024691357,0.3132716049382716
Pandas,module_854.py,1090,444,15,2024-05-04,0.013761467889908258,0.4073394495412844
Flask,module_855.py,1775,164,15,2024-05-05,0.008450704225352112,0.0923943661971831
NumPy,module_856.py,592,268,32,2024-05-06,0.05405405405405406,0.4527027027027027
Requests,module_857.py,113,182,35,2024-05-07,0.30973451327433627,1.6106194690265487
Flask,module_858.py,1380,131,18,2024-05-08,0.013043478260869565,0.09492753623188406
NumPy,module_859.py,1196,215,2,2024-05-09,0.0016722408026755853,0.1797658862876254
NumPy,module_860.py,1238,303,22,2024-05-10,0.017770597738287562,0.24474959612277866
Flask,module_861.py,81,374,13,2024-05-11,0.16049382716049382,4.617283950617284
Flask,module_862.py,146,364,45,2024-05-12,0.3082191780821918,2.493150684931507
Pandas,module_863.py,1213,392,6,2024-05-13,0.00494641384995878,0.3231657048639736
NumPy,module_864.py,1596,188,33,2024-05-14,0.020676691729323307,0.11779448621553884
Django,module_865.py,1746,37,0,2024-05-15,0.0,0.021191294387170677
Flask,module_866.py,962,112,42,2024-05-16,0.04365904365904366,0.11642411642411643
Requests,module_867.py,1952,281,43,2024-05-17,0.022028688524590164,0.14395491803278687
Flask,module_868.py,1772,135,46,2024-05-18,0.025959367945823927,0.07618510158013544
NumPy,module_869.py,419,499,43,2024-05-19,0.1026252983293556,1.1909307875894988
Django,module_870.py,1271,201,3,2024-05-20,0.0023603461841070024,0.15814319433516916
Django,module_871.py,1058,492,17,2024-05-21,0.01606805293005671,0.46502835538752363
NumPy,module_872.py,1248,321,0,2024-05-22,0.0,0.25721153846153844
Django,module_873.py,1426,222,32,2024-05-23,0.02244039270687237,0.15568022440392706
Pandas,module_874.py,1204,366,22,2024-05-24,0.018272425249169437,0.30398671096345514
Requests,module_875.py,1714,469,22,2024-05-25,0.012835472578763127,0.2736289381563594
Flask,module_876.py,1622,159,0,2024-05-26,0.0,0.09802712700369914
Requests,module_877.py,1489,305,18,2024-05-27,0.01208865010073875,0.20483546004029551
Django,module_878.py,51,9,47,2024-05-28,0.9215686274509803,0.17647058823529413
Flask,module_879.py,715,82,8,2024-05-29,0.011188811188811189,0.11468531468531469
NumPy,module_880.py,1457,380,12,2024-05-30,0.008236101578586136,0.2608098833218943
Flask,module_881.py,1269,118,40,2024-05-31,0.03152088258471237,0.09298660362490149
Requests,module_882.py,72,197,37,2024-06-01,0.5138888888888888,2.736111111111111
Pandas,module_883.py,1450,449,31,2024-06-02,0.021379310344827585,0.3096551724137931
Requests,module_884.py,1808,274,48,2024-06-03,0.02654867256637168,0.1515486725663717
Requests,module_885.py,1835,70,28,2024-06-04,0.015258855585831062,0.03814713896457766
Requests,module_886.py,1680,298,3,2024-06-05,0.0017857142857142857,0.1773809523809524
Django,module_887.py,380,385,45,2024-06-06,0.11842105263157894,1.013157894736842
Pandas,module_888.py,546,251,40,2024-06-07,0.07326007326007326,0.4597069597069597
Pandas,module_889.py,1023,254,38,2024-06-08,0.03714565004887586,0.2482893450635386
Requests,module_890.py,165,242,28,2024-06-09,0.1696969696969697,1.4666666666666666
Django,module_891.py,561,112,1,2024-06-10,0.0017825311942959,0.19964349376114082
Django,module_892.py,1503,136,7,2024-06-11,0.004657351962741184,0.09048569527611444
Django,module_893.py,611,174,18,2024-06-12,0.029459901800327332,0.28477905073649756
NumPy,module_894.py,1014,305,38,2024-06-13,0.03747534516765286,0.30078895463510846
NumPy,module_895.py,126,65,43,2024-06-14,0.3412698412698413,0.5158730158730159
Flask,module_896.py,1964,173,6,2024-06-15,0.003054989816700611,0.08808553971486761
Flask,module_897.py,1968,107,17,2024-06-16,0.008638211382113821,0.05436991869918699
Django,module_898.py,1894,399,19,2024-06-17,0.01003167898627244,0.21066525871172123
Requests,module_899.py,905,68,15,2024-06-18,0.016574585635359115,0.07513812154696133
NumPy,module_900.py,1345,238,23,2024-06-19,0.017100371747211896,0.17695167286245353
Pandas,module_901.py,1993,303,33,2024-06-20,0.01655795283492223,0.15203211239337683
Flask,module_902.py,1630,486,8,2024-06-21,0.0049079754601227,0.298159509202454
Django,module_903.py,1062,355,9,2024-06-22,0.00847457627118644,0.3342749529190207
Flask,module_904.py,1605,59,20,2024-06-23,0.012461059190031152,0.0367601246105919
Pandas,module_905.py,394,77,0,2024-06-24,0.0,0.19543147208121828
Django,module_906.py,70,274,22,2024-06-25,0.3142857142857143,3.914285714285714
Pandas,module_907.py,1728,109,26,2024-06-26,0.015046296296296295,0.0630787037037037
Django,module_908.py,1127,28,41,2024-06-27,0.03637976929902396,0.024844720496894408
Requests,module_909.py,1393,317,28,2024-06-28,0.020100502512562814,0.22756640344580042
NumPy,module_910.py,1950,103,18,2024-06-29,0.009230769230769232,0.05282051282051282
Requests,module_911.py,1008,377,15,2024-06-30,0.01488095238095238,0.3740079365079365
Pandas,module_912.py,1406,64,30,2024-07-01,0.021337126600284494,0.04551920341394026
Pandas,module_913.py,1986,188,21,2024-07-02,0.010574018126888218,0.094662638469285
Flask,module_914.py,491,220,45,2024-07-03,0.09164969450101833,0.4480651731160896
Pandas,module_915.py,1588,464,5,2024-07-04,0.0031486146095717885,0.29219143576826195
Flask,module_916.py,1242,484,1,2024-07-05,0.0008051529790660225,0.3896940418679549
Requests,module_917.py,1086,459,32,2024-07-06,0.029465930018416207,0.42265193370165743
Django,module_918.py,1077,290,29,2024-07-07,0.02692664809656453,0.2692664809656453
NumPy,module_919.py,983,300,10,2024-07-08,0.01017293997965412,0.3051881993896236
Django,module_920.py,170,323,14,2024-07-09,0.08235294117647059,1.9
Flask,module_921.py,94,403,28,2024-07-10,0.2978723404255319,4.287234042553192
Django,module_922.py,1416,204,4,2024-07-11,0.002824858757062147,0.1440677966101695
Requests,module_923.py,736,354,30,2024-07-12,0.04076086956521739,0.48097826086956524
Django,module_924.py,968,424,18,2024-07-13,0.01859504132231405,0.4380165289256198
NumPy,module_925.py,165,299,47,2024-07-14,0.28484848484848485,1.812121212121212
Flask,module_926.py,470,60,37,2024-07-15,0.07872340425531915,0.1276595744680851
Django,module_927.py,1135,282,13,2024-07-16,0.01145374449339207,0.24845814977973568
Django,module_928.py,1262,375,49,2024-07-17,0.03882725832012678,0.2971473851030111
Requests,module_929.py,489,313,36,2024-07-18,0.0736196319018405,0.6400817995910021
Requests,module_930.py,1937,314,43,2024-07-19,0.02219927723283428,0.1621063500258131
Django,module_931.py,1273,486,9,2024-07-20,0.007069913589945012,0.38177533385703066
Django,module_932.py,332,281,20,2024-07-21,0.060240963855421686,0.8463855421686747
Pandas,module_933.py,1256,125,37,2024-07-22,0.02945859872611465,0.09952229299363058
Requests,module_934.py,1026,201,27,2024-07-23,0.02631578947368421,0.195906432748538
Django,module_935.py,626,476,24,2024-07-24,0.038338658146964855,0.7603833865814696
NumPy,module_936.py,1308,412,42,2024-07-25,0.03211009174311927,0.3149847094801223
NumPy,module_937.py,1957,199,45,2024-07-26,0.022994379151762903,0.10168625447112928
Requests,module_938.py,1634,86,8,2024-07-27,0.004895960832313341,0.05263157894736842
Requests,module_939.py,1012,447,24,2024-07-28,0.023715415019762844,0.441699604743083
NumPy,module_940.py,223,332,17,2024-07-29,0.07623318385650224,1.4887892376681615
Django,module_941.py,1722,164,9,2024-07-30,0.005226480836236934,0.09523809523809523
Pandas,module_942.py,1561,97,33,2024-07-31,0.02114029468289558,0.06213965406790519
Pandas,module_943.py,281,78,28,2024-08-01,0.099644128113879,0.2775800711743772
Django,module_944.py,308,455,35,2024-08-02,0.11363636363636363,1.4772727272727273
Flask,module_945.py,646,316,12,2024-08-03,0.018575851393188854,0.4891640866873065
Django,module_946.py,991,142,35,2024-08-04,0.035317860746720484,0.1432896064581231
Requests,module_947.py,414,114,3,2024-08-05,0.007246376811594203,0.2753623188405797
Flask,module_948.py,1575,89,16,2024-08-06,0.010158730158730159,0.05650793650793651
Requests,module_949.py,774,425,5,2024-08-07,0.006459948320413436,0.5490956072351422
Pandas,module_950.py,69,348,39,2024-08-08,0.5652173913043478,5.043478260869565
Requests,module_951.py,445,480,1,2024-08-09,0.0022471910112359553,1.0786516853932584
Requests,module_952.py,1746,499,3,2024-08-10,0.001718213058419244,0.28579610538373423
Flask,module_953.py,1579,295,49,2024-08-11,0.03103229892336922,0.18682710576314124
Requests,module_954.py,1951,172,10,2024-08-12,0.005125576627370579,0.08815991799077397
Pandas,module_955.py,802,222,34,2024-08-13,0.04239401496259352,0.27680798004987534
Flask,module_956.py,1432,413,31,2024-08-14,0.02164804469273743,0.2884078212290503
NumPy,module_957.py,1863,34,9,2024-08-15,0.004830917874396135,0.01825013419216318
Flask,module_958.py,109,436,4,2024-08-16,0.03669724770642202,4.0
Flask,module_959.py,1762,88,32,2024-08-17,0.018161180476730987,0.049943246311010214
NumPy,module_960.py,1886,286,30,2024-08-18,0.015906680805938492,0.15164369034994699
Django,module_961.py,703,374,7,2024-08-19,0.00995732574679943,0.5320056899004267
Requests,module_962.py,1676,42,21,2024-08-20,0.012529832935560859,0.025059665871121718
Requests,module_963.py,335,225,35,2024-08-21,0.1044776119402985,0.6716417910447762
Requests,module_964.py,352,189,38,2024-08-22,0.10795454545454546,0.5369318181818182
Flask,module_965.py,1491,262,0,2024-08-23,0.0,0.17572099262240107
Pandas,module_966.py,878,414,14,2024-08-24,0.015945330296127564,0.4715261958997722
Flask,module_967.py,788,131,32,2024-08-25,0.04060913705583756,0.16624365482233502
NumPy,module_968.py,64,115,49,2024-08-26,0.765625,1.796875
Pandas,module_969.py,479,34,45,2024-08-27,0.09394572025052192,0.0709812108559499
Flask,module_970.py,1680,481,37,2024-08-28,0.022023809523809525,0.2863095238095238
NumPy,module_971.py,1525,231,27,2024-08-29,0.017704918032786884,0.15147540983606558
NumPy,module_972.py,473,159,24,2024-08-30,0.0507399577167019,0.3361522198731501
NumPy,module_973.py,1790,321,2,2024-08-31,0.0011173184357541898,0.1793296089385475
Django,module_974.py,268,323,34,2024-09-01,0.12686567164179105,1.205223880597015
Django,module_975.py,1363,47,8,2024-09-02,0.00586940572267058,0.034482758620689655
Django,module_976.py,1446,179,35,2024-09-03,0.024204702627939143,0.12378976486860305
NumPy,module_977.py,1985,254,39,2024-09-04,0.01964735516372796,0.12795969773299748
NumPy,module_978.py,1338,366,36,2024-09-05,0.026905829596412557,0.273542600896861
Flask,module_979.py,1622,199,34,2024-09-06,0.02096177558569667,0.12268803945745993
Django,module_980.py,1805,25,26,2024-09-07,0.014404432132963989,0.013850415512465374
NumPy,module_981.py,349,389,48,2024-09-08,0.13753581661891118,1.1146131805157593
Django,module_982.py,1970,139,12,2024-09-09,0.006091370558375634,0.07055837563451776
Flask,module_983.py,747,7,23,2024-09-10,0.030789825970548863,0.009370816599732263
Pandas,module_984.py,193,38,49,2024-09-11,0.2538860103626943,0.19689119170984457
Pandas,module_985.py,1111,173,31,2024-09-12,0.0279027902790279,0.1557155715571557
Pandas,module_986.py,1577,493,11,2024-09-13,0.006975269499048827,0.31261889663918835
NumPy,module_987.py,387,272,2,2024-09-14,0.00516795865633075,0.7028423772609819
Requests,module_988.py,1804,283,21,2024-09-15,0.01164079822616408,0.15687361419068735
Django,module_989.py,1571,204,6,2024-09-16,0.0038192234245703373,0.12985359643539146
Flask,module_990.py,1501,471,4,2024-09-17,0.002664890073284477,0.31379080612924715
Django,module_991.py,619,89,34,2024-09-18,0.05492730210016155,0.14378029079159935
NumPy,module_992.py,398,253,16,2024-09-19,0.04020100502512563,0.635678391959799
Django,module_993.py,1838,204,12,2024-09-20,0.006528835690968444,0.11099020674646355
Flask,module_994.py,167,415,9,2024-09-21,0.05389221556886228,2.4850299401197606
NumPy,module_995.py,1290,382,35,2024-09-22,0.027131782945736434,0.2961240310077519
Requests,module_996.py,1333,149,16,2024-09-23,0.012003000750187547,0.11177794448612154
NumPy,module_997.py,614,145,33,2024-09-24,0.05374592833876222,0.23615635179153094
Flask,module_998.py,979,188,38,2024-09-25,0.03881511746680286,0.1920326864147089
Requests,module_999.py,1084,241,11,2024-09-26,0.01014760147601476,0.22232472324723246
